auc,bayes,ci,createdOn,f1,met_cutoff,name,objectId,pearson,rmse,spearman,submitterId,team,userId
0.675293599712373,,0.646217046116803,1548110054192,0.18302663239737,true,PlosCB_baseline.csv,9684459,0.417491667041811,1.26500291211665,0.378209909284392,3342573,,3342573
0.697569192167322,,0.637983111016222,1548113973128,0.369796634379906,true,prediction_round1_v3.csv,9684462,0.412113613466455,1.12555883805587,0.379904879334193,3379052,,3379052
,,,1548127682736,,,Tsai_Min_NN,9684464,,,,3361565,,3364965
,,,1548128772141,,,Tsai_Min_NN,9684465,,,,3361565,,3364965
0.484754595608903,,0.500155116420356,1548138692256,0.0221493360561884,true,Submission 1 (01-22-2019),9684466,-0.0325504731843093,1.91389345194337,-0.00422385844851164,3383831,,3379227
,,,1548142479106,,,round1b_k-sep-bigrams_v1.csv,9684467,,,,3371544,,3379820
0.684901993887859,,0.623997520987473,1548142987129,0.365552906537234,true,Tsai-Min NN,9684468,0.347482958011523,1.16063171161092,0.287986758531004,3361565,,3364965
0.554558117857898,,0.554884786542706,1548156088087,0.212325492073407,true,zo15140174183025,9684469,0.116603153746506,1.44568070591681,0.129672994517793,3379179,,3379179
,,,1548160571610,,,round1_final_results_20190122,9684470,,,,3383440,,3383440
,,,1548161597900,,,20190122,9684471,,,,3383422,,3383422
,,,1548161798484,,,20190122,9684472,,,,3383422,,3383422
,,,1548161936968,,,IDG-DREAM Drug-Kinase Binding Prediction Challenge,9684473,,,,3383422,,3383422
0.656191517351792,,0.628109837978803,1548181940460,0.106380516609498,true,round1b_k-sep-bigrams_v1 (1).csv,9684480,0.287528019492274,1.15925917566708,0.326301729920549,3371544,,3346376
0.593509741318159,,0.564793317025814,1548198004289,0.179199073633138,true,whole_SSlayers_151_40_MTlayers_17_41_mtasks_83_dropouts_0.25.csv,9684488,0.200627618424609,1.3788343034281,0.200563236026697,3379179,,3379179
0.780454350060994,,0.711429017222547,1548210280401,0.40172647039763,true,round_1_template_predictions_v3_cv5.csv,9684489,0.54461778205793,1.02573286242968,0.556422086843339,3332429,,3321508
0.580121418204807,,0.543485661562172,1548212036621,0.211838643538065,true,syn18078172_20190123,9684490,0.140291509898908,1.25530186930094,0.114441012784735,3383440,,3383440
,,,1548223380976,,,ROUND1B,9684491,,,,3379043,,3379043
,,,1548228461847,,,round1b_k-sep-bigrams_v1_rep.csv,9684492,,,,3371544,,3346376
,,,1548234249658,,,ZDX,9684493,,,,3384817,,3384817
,,,1548246803448,,,results,9684496,,,,3384808,,3384808
0.653606644275147,,0.590693509153998,1548247255816,0.360346624563574,true,baseline,9684497,0.272537904804565,1.18423109725388,0.252798467614185,3383422,,3383422
0.607322407139691,,0.578901549848386,1548248180467,0.210473696094334,true,results1,9684498,0.195259317330827,1.19269502632644,0.197337128103982,3384808,,3384808
0.542012518316406,,0.540322404612291,1548267118297,0.066638825763238,true,kiba_num_windows_509,9684503,0.108341110055374,1.52485712888071,0.126428558806153,3337435,,3350406
0.657182398136236,,0.625343901648242,1548277847911,0.121937241277602,false,round1b_k-sep-bigrams_v1_rep.csv,9684509,0.27208977662686,1.13526993716843,0.351885710784443,3371544,,3346376
0.474624681378467,,0.499934181832538,1548294898334,0.0105036181436305,false,Submission 2 (01-23-2019),9684510,-0.0201138369184545,1.88657168676286,-0.00283604176311992,3383831,,3379227
0.679044084137216,,0.608709274616453,1548306114305,0.481033016693787,false,round_1_template.csv,9684511,0.337689356124478,1.15537541205117,0.292692941804014,3361565,,3378959
,,,1548329412101,,,2nd_attempt,9684523,,,,3384808,,3384808
0.612801870564856,,0.574350050459225,1548329865083,0.271013372119908,false,second_attempt,9684524,0.186119123287908,1.20144834308789,0.209637228424708,3384808,,3384808
0.537278808940146,,0.546658005649321,1548336543781,0.061609412287045,false,kiba_multitask_12.20.18-01.47.44.csv,9684525,0.136136721042709,1.47209894119584,0.122037744563829,3337435,,3350406
,,,1548336551830,,,baseline_1,9684526,,,,3383422,,3383422
,,,1548337359303,,,baseline_1,9684527,,,,3383422,,3383422
,,,1548341874297,,,baseline_1,9684533,,,,3383422,,3383422
0.645010110087566,,0.596617660125014,1548342792484,0.395130408758931,false,round1_final_results_3_2.csv,9684535,0.281545896657048,1.20011005698752,0.279156391459764,3383422,,3383422
0.614615831448539,,0.578804386985276,1548388534277,0.363130359004967,true,result_4_20190125,9684547,0.245341816299773,1.19833608980266,0.167332354537895,3383440,,3383440
0.677968221285533,,0.602083114259286,1548402604875,0.48812054134622,false,round_1b_n121_0125.csv,9684548,0.349646402919303,1.16941466440124,0.293062382464307,3361565,,3378959
0.609963417679586,,0.599311922459569,1548403249610,0.193717897250678,true,round_1_template_1.csv,9684550,0.208243882526701,1.24326619160776,0.234952178532782,3379008,,3379008
0.605978867100699,,0.562007623163851,1548407254845,0.310451008745031,false,blah,9684551,0.220880724684413,1.19940649403289,0.228706214124537,3384808,,3384808
0.630446166800972,,0.593496266637132,1548414292716,0.0,true,SVR_C1_1000ftrs.csv,9684555,0.236636562011116,1.68837788505614,0.243115062674203,3380939,,3331315
,,,1548415187802,,,idg_kinase_simple_pinn_1,9684556,,,,3371544,,3350684
,,,1548415558693,,,idg_kinase_simple_pinn_1,9684557,,,,3371544,,3350684
0.649158667426476,,0.605009776464101,1548424327889,0.446028307508983,false,baseline_2,9684559,0.285961651520881,1.20095817157466,0.25991299111705,3383422,,3383422
0.648084265644358,,0.628054557176618,1548426676063,0.102412108288873,false,idg_kinase_simple_pinn_1,9684560,0.317831376097538,1.16007019637079,0.322025929741435,3371544,,3350684
0.559000667838869,,0.528365065106512,1548431695351,0.0940240636857031,true,round1template.csv,9684567,0.0737234480274582,1.22818612580826,0.0761247781381422,3383197,,3383197
0.695095003969056,,0.608516507010972,1548480812850,0.419715927744136,false,round_1b_n121_0126.csv,9684580,0.336874153183096,1.16051589419581,0.307325213595287,3361565,,3378959
0.686445864536361,,0.627744174523248,1548488894837,0.458818083220961,true,round1_mf,9684581,0.330208076620475,1.25884135121974,0.336102695828599,3383766,,3383766
,,,1548501277854,,,20190125,9684582,,,,3324878,,3321703
0.669156540200403,,0.604024576913429,1548505967103,0.441751004126754,true,baseline_3,9684583,0.343410455946519,1.17093046871023,0.305502934946588,3383422,,3383422
0.689519204182754,,0.63429949744707,1548529754264,0.285276120420425,true,20190125_2,9684584,0.387756902779437,1.1123858623627,0.382225630908629,3324878,,3321703
0.674073379591087,,0.616756691137999,1548559292506,0.404297028895514,false,round_1b_n121_0127.csv,9684585,0.362944553517267,1.1551675742529,0.316842260666881,3361565,,3378959
0.579263209849515,,0.568217741091024,1548613868676,0.175766415866498,false,round1b_preds_cnct1016010555.csv,9684586,0.187533011953749,1.35938350811477,0.184082475853801,3379179,,3379179
,,,1548685330887,,,submission28_1,9684603,,,,3380843,,3379682
,,,1548685582533,,,submission28_1,9684604,,,,3380843,,3379682
,,,1548685742802,,,sub1,9684605,,,,3380843,,3379682
0.547841649343249,,0.532493360469549,1548686031461,0.0,true,sub1,9684606,0.0815011921650547,9.73045503357545,0.0836403667114807,3380843,,3379682
,,,1548703415263,,,SIB_36_submission3,9684611,,,,3379428,,3379191
0.683740189891132,,0.641660795558938,1548703684093,0.0380214247774921,true,SIB_36_submission3,9684612,0.369899643731851,1.25000784131721,0.395500697339709,3379428,,3379191
0.575114090955879,,0.549143656521107,1548713032411,0.363917399052837,true,Leon_X_01.csv,9684613,0.205404689472143,1.28821044632097,0.144936524433884,3330902,,3330902
0.642175002082089,,0.597008121091787,1548713111341,0.298430738273717,true,TW_No_1_01.csv,9684614,0.303379348450979,1.36642585656956,0.240418956101314,1946958,,1946958
0.556007203569783,,0.561446776617075,1548713773010,0.190552390025655,true,Noel_1003_01.csv,9684615,0.166899531839073,1.49299447633109,0.142565910050697,3331369,,3331369
0.548770682559596,,0.549063858580979,1548716444775,0.112828235382637,false,Subcor,9684616,0.0758595867064653,1.54274136552735,0.13683408129484,3380843,,3363913
0.437968282536753,,0.462230232285294,1548721703084,0.0,true,1b submission with combined model,9684617,-0.10676927189771,1.33553413333391,-0.0812857899162807,3378773,,3378774
0.683523411469717,,0.652309250397467,1548761914431,0.216407014135473,false,SIB36_submisson4,9684626,0.330210823942662,1.23743031489962,0.380105949189555,3379428,,3379191
0.595086487703477,,0.563722472917614,1548778485117,0.20193199024533,false,round1b_preds_cnct31452450.csv,9684634,0.189200890753715,1.37484955357942,0.161728224841785,3379179,,3379179
,,,1548778657693,,,idg_kinase_simple_pinn2,9684635,,,,3371544,,3350684
0.652907173367347,,0.628203652424214,1548779103980,0.380480929151899,false,idg_kinase_simple_pinn2,9684636,0.287971470690323,1.17010691694751,0.35189338055215,3371544,,3350684
0.559711622079998,,0.528969024132538,1548806595546,0.203749060693363,false,submission29_1,9684640,0.104658041774844,1.39278791540677,0.124535303608553,3380843,,3379682
0.518701240474131,,0.518192715899003,1548842418957,0.213462790916693,true,Ilovebio_20190130,9684659,0.0653896598202435,1.27805563314153,0.068129309327183,3385078,,3385078
0.684397000254321,,0.624566170690068,1548870849559,0.428533346319044,true,Jan30_submission.tsv,9684675,0.382047133011316,1.13234349274054,0.333191524503484,3319559,,3319559
0.651011762063062,,0.622907986169752,1548883921355,0.245077357774625,false,idg_kinase_simple_pinn3.csv,9684676,0.305415165261601,1.16653674232286,0.330323886017301,3371544,,3350684
0.675335662392066,,0.611642770581579,1548946961112,0.439208439318844,false,baseline3,9684749,0.318504143802878,1.15877429201047,0.296906782957237,3383422,,3383422
,,,1548956205075,,,submission31_1,9684750,,,,3380843,,3379682
0.519336396937576,,0.502141916124527,1548969599180,0.187500622159874,true,round1b_submission_rf.csv,9684755,0.0159387469755281,1.41710486839651,-0.00450842911127497,3379209,,3378974
,,,1549017479203,,,submission2.csv,9684804,,,,3383197,,3383197
0.55398107404355,,0.5350875786928,1549017868146,0.461339577488407,false,submission2.csv,9684805,0.0787757245771864,1.22323046285298,0.0976178483368746,3383197,,3383197
0.65326092338202,,0.6065260480423,1549028308856,0.437815761522272,false,baseline3_1,9684806,0.33292420135354,1.18334205045543,0.295267321640373,3383422,,3383422
0.658432978863438,,0.627198727673095,1549036173261,0.200687267167317,false,idg_kinase_simple_pinn4,9684808,0.294481748874471,1.16623500390965,0.366152353710912,3371544,,3350684
0.632918954679492,,0.604062808165467,1549057519772,0.350176623496304,true,Noel_1003_02.csv,9684810,0.33073653569338,1.49196573956291,0.310488689828883,3331369,,3331369
0.668911716315458,,0.654276105970471,1549058740032,0.4530664581163,true,Leon_X_02.csv,9684811,0.398860063549059,1.28108010668707,0.402106310697103,3330902,,3330902
0.617913232349793,,0.57552724765635,1549076949690,0.206232689849203,true,20190202,9684812,0.219302065382401,1.27573039503964,0.183259878710173,3385078,,3385078
0.643650144925678,,0.606226332672033,1549089868293,0.419937975894197,true,20190202,9684814,0.290591492968002,1.1821524683753,0.272506876218328,3383440,,3383440
0.641941853664839,,0.629255402919092,1549127345784,0.510335816025733,false,round1b_k-sep-bigrams_v1-2.csv,9684821,0.27438321181625,1.17073074437599,0.330483055832162,3371544,,3379820
0.67845573904934,,0.62445694049753,1549167590790,0.342681881717674,true,round_1_template_01.csv,9684836,0.359771129429365,1.21591910777953,0.350204312480967,1946958,,1946958
,,,1549167983229,,,round_1b_01.csv,9684837,,,,3331369,,3331369
0.690641170151459,,0.641712569084898,1549168314554,0.45264076636942,false,pki lab 4.csv,9684838,0.40675869973233,1.22193734514279,0.396559542951907,3330902,,3330902
0.583258167715922,,0.526029500861681,1549179909579,0.272613289689255,true,first nn approach poc,9684839,0.107281334539157,1.3873521752094,0.0606156047144888,3380028,,3380021
0.653040455654087,,0.624308758192868,1549180792333,0.500216207925638,false,round1b_k-sep-bigrams_v1-3.csv,9684840,0.345781218602752,1.14127437894809,0.345279669689597,3371544,,3379820
0.700816057308265,,0.650223462243599,1549212673144,0.336878375281612,true,submission 2.csv,9684841,0.401507938682791,1.19308775521869,0.402516020342881,3331369,,3331369
0.669029808069448,,0.632060841969458,1549255512306,0.345363144500545,false,round_1_template_02.csv,9684847,0.368491549942749,1.21792899162082,0.362941256407234,1946958,,1946958
0.687928832153451,,0.650241902292746,1549255651129,0.445784484523889,false,pki lab 5.csv,9684848,0.380521069463889,1.14441980525525,0.394742349841581,3330902,,3330902
0.614354402991267,,0.560572928064575,1549273924791,0.279024489763638,true,02_04_2019_fr_nc_submission_prio_5.0,9684849,0.206741960356777,1.20256148585674,0.212952717887319,3380028,,3380021
0.577363094135858,,0.558747446055026,1549299452686,0.171578509285257,false,fpcnct238478410944.csv,9684850,0.200691450895056,1.37301283241304,0.197068244967713,3379179,,3379179
,,,1549471841346,,,idg_kinase_simple_fs_pinn5,9684897,,,,3350684,,3350684
,,,1549472718826,,,idg_kinase_simple_fs_pinn5,9684898,,,,3350684,,3350684
,,,1549472818945,,,idg_kinase_simple_fs_pinn5,9684899,,,,3371544,,3350684
0.623690449285284,NA,0.604503804773698,1549483296806,0.21405795120901,true,idg_kinase_simple_fs_pinn5,9684906,0.301319832629624,1.20562900706532,0.261760704365764,3350684,,3350684
0.642180823982957,1.64410364886304,0.615052599690826,1549495844646,0.406631864138979,false,pinn2,9684912,0.276243686847802,1.185000985388,0.289221299584201,3350684,,3350684
0.707541241938125,108.89010989011,0.649141273284612,1549562397237,0.357248584779682,false,np.random.random,9684939,0.364341248505374,1.15873104337048,0.395632015337701,3324878,,3321703
0.660642204747847,36.593984962406,0.61101057254005,1549872759619,0.432716154114747,false,baseline_4,9685123,0.326942490536178,1.15260318971473,0.293608487029127,3383422,,3383422
0.553025429253156,NA,0.530517502839108,1549874052811,0.285889571862826,true,DMIS_190211,9685125,0.0905314471044526,1.57149990039721,0.0812541912853904,3384382,,3330875
0.662679043305221,27.735632183908,0.599692333745559,1549880001234,0.183950732584386,false,20190211,9685126,0.285360856308694,1.20028029902848,0.291159980273941,3383440,,3383440
0.669942564801449,Inf,0.622987035251335,1549896360304,0.120524073793494,false,pinn1_2,9685127,0.276203344021492,1.15956504895435,0.335026900367061,3371544,,3350684
0.683595637567128,58.5238095238095,0.634623788887807,1549909040680,0.42523130787255,false,Feb11_submission.tsv,9685139,0.370405295272026,1.1163953419763,0.331448469273484,3319559,,3319559
0.596280375670804,118.047619047619,0.584121301713506,1549960866980,0.290857561337226,true,190212,9685151,0.179145336775252,1.34342808221861,0.233436947320846,3384382,,3330875
0.645564191453795,119.481927710843,0.591185966996241,1549971653475,0.192731325389477,false,20190212,9685152,0.324794626642532,1.18909924567328,0.248156710720769,3383440,,3383440
0.547319688497038,30.4465408805031,0.533712783376851,1549986480096,0.138344662582483,false,sub12_2,9685153,0.0991911435328471,1.41687249251207,0.108292457695471,3380843,,3379682
0.651463089500334,Inf,0.606456110975697,1549988840804,0.443825110118681,false,baseline_20190213,9685154,0.306983260951716,1.16159064950869,0.285714890984677,3383422,,3383422
0.581067981314429,NA,0.558100636417244,1550007926041,0.0689846997834907,true,Dream_round_1_resultfinal.csv,9685158,0.116697462716919,1.48194116065152,0.142960907714328,3382909,,3382909
0.652278282241157,Inf,0.606825724127316,1550032854533,0.462581406907904,false,baseline_20190213,9685185,0.296780663006825,1.16888091672293,0.302839613283099,3383422,,3383422
0.582888724342068,17.7617260787992,0.568005116861859,1550055567488,0.172073324856003,true,13_2,9685186,0.170921464568562,1.28198894366008,0.202732939351815,3380843,,3379682
0.555148016341683,20.7864923747277,0.5371739611723,1550075202434,0.30255452372384,false,submission3.csv,9685197,0.0646534087210741,1.24385726173614,0.0919980088194924,3383197,,3383197
0.591542814008613,NA,0.574973807192507,1550090982806,0.0,true,PING_DevTrain,9685214,0.199582193802625,1.60762051202488,0.184875837503717,3378762,,3323762
0.56208536557389,NA,0.535591125905536,1550113119101,0.304765059787381,true,version_20190213,9685215,0.0812234033399988,1.35966882986356,0.0852517601417506,3385627,,3385627
0.665169232460294,999,0.594728775788268,1550131143902,0.463211584973408,false,baseline_4,9685216,0.313541112011183,1.17011492088456,0.310289256059619,3383422,,3383422
,,,1550132623865,,,20190214,9685217,,,,3383440,,3383440
0.576263311019546,45.0829493087558,0.572216433646746,1550147371409,0.180942405923242,false,sub14_2,9685218,0.177098785916858,1.30354324489758,0.212597198768099,3380843,,3379682
0.617657045998724,Inf,0.587843033293351,1550167408351,0.116719903312298,false,XGB_500trees_2000ftrs.csv,9685222,0.208310358690238,1.59265941290743,0.244870619030595,3380939,,3331315
0.663811365112758,80.3008130081301,0.613328699550263,1550194331975,0.443833872288972,false,baseline_20190215,9685232,0.301008440791126,1.15399309675562,0.249192750128849,3383422,,3383422
0.657140711743633,3.65983224603914,0.608719223216885,1550196370568,0.402981579824074,false,round1_final_results_baseline_20190214.csv,9685233,0.307628669755349,1.19411033195996,0.263728763050351,3383440,,3383440
0.628219029477926,3.71253534401508,0.580120738467851,1550198105140,0.417335037170333,true,round1_final_results_baseline_20190214_cv5_median_iter200.csv,9685234,0.243728277577661,1.19700319526443,0.225461029378785,3384808,,3384808
0.557754348990913,1.33918128654971,0.548736253940001,1550215924669,0.308128110037882,false,version_190215,9685235,0.0750274987633404,1.26179302279439,0.092710421139369,3385627,,3385627
0.631264170538835,Inf,0.586118429602544,1550244995504,0.0522516318365153,false,XGB_500trees_2000ftrs_full.csv,9685236,0.217769285963999,1.55471940529119,0.230309921366966,3380939,,3331315
0.413565688334981,NA,0.435616734469277,1550252048052,0.0,true,round_1_template.csv,9685237,-0.219789485759757,1.41596854981138,-0.176896902548468,3380543,,3380543
0.586042574613963,31.4675324675325,0.573948709260381,1550253311639,0.0,false,PING_1e5,9685238,0.193886356795222,1.55780809515518,0.204963925321748,3378762,,3323762
,,,1550336204259,,,round_1b_2.csv,9685240,,,,3380543,,3380543
,,,1550408068665,,,round_1b_2.csv,9685241,,,,3380543,,3380543
0.578292532494288,21.5733634311512,0.573471001453196,1550432026457,0.0525251640795715,false,DFT_PSSM,9685242,0.188939159239628,1.33923301982157,0.188274690518221,3378762,,3323762
0.670617940740861,12.7931034482759,0.611787238156806,1550472853556,0.352231165448607,true,r1_190218.csv,9685243,0.289418936631555,1.23541788916635,0.313936042597099,3384382,,3330875
0.460845268649014,7.9126559714795,0.447408572909738,1550498113407,0.226805488030482,true,round_1b_2.csv,9685247,-0.126501498341923,1.39478478968068,-0.140607809394362,3380543,,3380543
0.67736584877269,Inf,0.617358485906776,1550558573646,0.188278958728217,false,r1_190219,9685257,0.294194286669424,1.22750314353265,0.281006545048681,3384382,,3330504
0.664374003758311,108.89010989011,0.624685214927703,1550594643895,0.256759594445444,false,idg_kinase_simple_pinn6,9685267,0.290829259776906,1.1813174574126,0.329808248018532,3371544,,3350684
0.663278176154329,177.571428571429,0.6243227739518,1550654246331,0.433824150714473,false,baseline_20190220,9685274,0.276713747036515,1.16375346722676,0.263063404869828,3383422,,3383422
0.637624030720996,11.9032258064516,0.586692569580807,1550660678549,0.400911746621395,false,version_190220,9685275,0.322830894707225,1.20647321540575,0.273720738520855,3383440,,3383440
0.623538036510884,665.666666666667,0.587791386420345,1550665416533,0.395904761579936,false,20022019,9685276,0.275831554473731,1.19480011653245,0.187222135377514,3384808,,3384808
0.684750072949255,25.1780104712042,0.646330884731213,1550710659006,0.0572624554729106,true,r1_190220.csv,9685283,0.289091257576638,1.20600620832988,0.3754671931239,3384382,,3330875
0.622305910513862,10.2612612612613,0.582097329565718,1550716850777,0.414575818499331,false,final_result_2102.csv,9685284,0.277031885853981,1.18609695280632,0.237674483072649,3384808,,3384808
0.646661141943197,15.750418760469,0.627697711097554,1550730600008,0.329185248128941,false,round1b_k-sep_v2-1.csv,9685285,0.317271951618701,1.15454935127549,0.351003857092366,3371544,,3379820
0.713171764840836,9999,0.644471843551638,1550740234538,0.401294160134725,false,seed_2,9685286,0.360454991632187,1.10484856523227,0.408529135586555,3324878,,3321703
0.696259309933845,12.2100396301189,0.622270166296183,1550767188031,0.394310709784298,false,Feb21_submission.tsv,9685287,0.385458290788694,1.12696557198503,0.339560163234176,3319559,,3319559
0.581267586129369,1665.66666666667,0.568815456355965,1550777884340,0.147560980359241,false,NFPSSM_DevTrain_A06,9685290,0.167599305340615,1.30235594862699,0.20557099678654,3378762,,3323762
0.644578639975622,525.315789473684,0.578426903440855,1550806820258,0.428345932014213,true,v_190222,9685292,0.298803831183193,1.19472041877187,0.259210136943767,3385627,,3385627
0.687622225224289,Inf,0.62867983258708,1550824849532,0.194726954632262,false,r1_190221,9685293,0.316743140677791,1.19839573261568,0.356943242578748,3384382,,3330504
0.630019786567811,1.82246683601468,0.578280594070576,1550825406584,0.418556193223579,false,agent_porcupine.csv,9685294,0.283230894673938,1.17794276083032,0.20817101901937,3384808,,3384808
0.704828631184761,4999,0.647977620860313,1550830414796,0.373042096856745,false,0222,9685295,0.363775965035703,1.14585646346255,0.40012059990368,3324878,,3321703
0.655598490850696,44.045045045045,0.604766303307061,1550838123740,0.416009543360309,false,Friday_20190222,9685296,0.284283918157964,1.2021978823755,0.249779766464915,3383440,,3383440
0.656343736112611,5.38569604086845,0.622531668277093,1550853275439,0.35507133796238,false,round1b_k-sep_v2-2.csv,9685297,0.345162803931076,1.11913206567073,0.365887484912073,3371544,,3379820
0.581848366436509,9999,0.569690458623979,1550872845792,0.0751563299225796,false,NFP4L32,9685300,0.2107291395825,1.47513438174542,0.203410238472905,3378762,,3323762
0.678517902943506,1.55102040816327,0.632509839389049,1550922579578,0.391162304836966,false,round1b_k-sep_v2-3.csv,9685302,0.358722490567296,1.14626264796237,0.309507742116055,3371544,,3379820
0.579777331830425,NA,0.574481566408354,1550968746960,0.107775387924966,true,submitted.csv,9685303,0.213040411150853,1.2035313517613,0.200190556229547,3361766,,3361766
0.58986732617245,2.09119010819165,0.572176730498565,1551038406045,0.404645673443158,false,NFP4L_scaled2,9685305,0.177219824233259,1.64510651488827,0.203300896271893,3378762,,3323762
0.645349945053928,2.11235605353252,0.599558189249576,1551077242629,0.423221250988135,false,version_190225,9685306,0.297924408498734,1.1784199254617,0.24716846484427,3385627,,3385627
0.664123168478571,27.4090909090909,0.610563414317525,1551089616689,0.395617939180487,true,agent_oak.csv,9685309,0.287989561030273,1.1985266921824,0.300599614558265,3384808,,3384808
0.567618675650739,125.582278481013,0.577025708788203,1551091462066,0.176782415808867,false,sub25_2,9685310,0.157878232257088,1.30464523172767,0.225658864355897,3380843,,3379682
0.654591766482076,16.921146953405,0.609474923360022,1551124272281,0.451906495346966,true,NFP4L_E16,9685320,0.31821615107678,1.27191137016788,0.285948185046497,3378762,,3323762
0.63601383746023,1.98329355608592,0.601254509896769,1551146896223,0.408690952452305,false,v_190225,9685325,0.291963577046999,1.18371683392092,0.268804362422367,3385627,,3385627
0.672507930833421,0,0.617441341414478,1551147496801,0.372674441885025,false,agent_oak.csv,9685326,0.30384795624731,1.19493396189561,0.278256585975628,3384808,,3384808
0.718125385490414,Inf,0.651689161317796,1551188762480,0.33484785663983,false,0223,9685330,0.374786634021278,1.13241380413523,0.389732486183998,3324878,,3321703
0.662601237789714,908.090909090909,0.615904795441531,1551231896238,0.445480622670081,false,baseline_5_20190227,9685339,0.33602064710632,1.15832577802722,0.251443500939192,3383422,,3383422
0.642739913863564,1.35404896421846,0.598906489818967,1551231981376,0.40867860171734,false,v_190226,9685340,0.302419318767076,1.17259531534393,0.249667525643923,3385627,,3385627
0.663471394466126,25.525198938992,0.611402179773901,1551266798915,0.388288734699051,false,agent_lynx.csv,9685342,0.297990332327863,1.16506400885319,0.300451944244103,3384808,,3384808
0.570302874663821,4999,0.568757621667549,1551302245313,0.209272837121244,false,submitted_3.csv,9685352,0.177436204391563,1.18791734859073,0.216099187188256,3361766,,3361766
0.637890515228318,3.40917107583774,0.604231545906527,1551306566988,0.428661443692442,true,NFP4L_Tempo_D04_E14,9685355,0.275392864301699,1.28162798893354,0.29123504332437,3378762,,3323762
0.638082186900482,11.30012300123,0.61053078062769,1551316439804,0.410519803388955,false,NFP4L_LCO_E42,9685361,0.311765818382403,1.31900023265287,0.30271244954727,3378762,,3323762
0.656440456666075,99,0.607214127489924,1551431584094,0.393182838378778,false,agent_giraffe.csv,9685393,0.296166391657033,1.19120133071928,0.285741905425599,3384808,,3384808
0.702206497101602,Inf,0.655287017007568,1551439195950,0.268235656743019,false,0301,9685394,0.382721473237961,1.1189267949357,0.386492499115476,3324878,,3321703
0.570935801619968,Inf,0.567291259844748,1551608367816,0.113915004030578,false,predictions.csv,9685403,0.181891437722692,1.16225701491855,0.153968639196712,3361766,,3361766
,,,1551687394434,,,baseline_yq_20190304,9685416,,,,3383422,,3383422
0.690504515948614,Inf,0.632801103173627,1551692876594,0.230821212477236,false,r1_190304.csv,9685418,0.304864242964702,1.22808764148928,0.361117581861811,3384382,,3330875
0.564697578569376,Inf,0.565660068231767,1551698965499,0.431114761794605,false,predictions1.csv,9685422,0.196840764618561,1.16281329571382,0.16797696639931,3361766,,3361766
0.537747755456036,NA,0.51639488273709,1551782825189,0.428860170769529,true,round_1_template_pred.csv,9685450,0.0500821564624972,6.26760805244242,0.037200687562197,3379046,,3378796
0.549934870921349,3.75511174512601,0.515568025609603,1551863796964,0.429932099605909,false,round_1_template_pred_imp.csv,9685462,0.0439942305126163,6.23089928584205,0.054275717023717,3379046,,3378796
0.690343786164273,Inf,0.638321172865446,1551884120834,0.325074553526154,false,r1_190306,9685463,0.319672646053783,1.21690270934582,0.350034356065658,3384382,,3330504
0.701730161462848,Inf,0.617944732925771,1551925187557,0.215791178027927,true,new_round1b.csv,9685486,0.365721144526613,1.24274970703598,0.276892942550351,3380543,,3380543
0.693263398454626,Inf,0.630872574391214,1551957224740,0.309061734408464,false,r1_190307,9685489,0.300454775996769,1.20823245928761,0.359716979014328,3384382,,3330504
0.640952655681083,Inf,0.612737193671875,1552025834251,0.383583368843412,false,08032019,9685505,0.306696134833888,1.17480027898258,0.28494307117955,3384808,,3384808
0.656038289606756,Inf,0.614407302848925,1552028047078,0.440453635884357,false,baseline_20190308,9685506,0.320636380358648,1.17179053151097,0.317621080295229,3383422,,3383422
0.664247488828963,7.19000819000819,0.609158026341389,1552099598893,0.446886017235019,false,baseline_20190309,9685516,0.283055055353889,1.15772896549771,0.298937743987153,3383422,,3383422
,,,1552264623400,,,prediction_DL.csv,9685520,,,,3361766,,3361766
0.516188141781856,NA,0.460020473717416,1552283107920,0.0,true,log_kd.csv,9685523,-0.105230911081756,3.00439651662588,-0.0530474790844585,3381089,,3381089
0.689801174558473,1.88850375505488,0.624775486828055,1552307089751,0.459273110836718,false,RLS-reg-1,9685526,0.335878821116269,1.24907676732926,0.331359696860354,3383766,,3383766
0.559036985137212,9999,0.561834834145787,1552345105179,0.454188027404896,false,idg_March_11.csv,9685536,0.17388926089926,1.1872456859369,0.164063930169461,3361766,,3361766
0.565866416962578,Inf,0.571107567771803,1552356548804,0.427613408067688,false,idg_March_12.csv,9685543,0.192417417486163,1.16370070974783,0.16115040318889,3361766,,3361766
0.672237762249043,Inf,0.605564102537273,1552390360124,0.342077736560254,false,mid3.csv,9685552,0.302212684122726,1.17442503778776,0.293833654542561,3384808,,3384808
0.692329160452415,2.62844702467344,0.615177699074829,1552393110322,0.456626037362593,false,round1b-mtl,9685553,0.310766934833465,1.19972071184727,0.338814727194531,3383766,,3383766
0.698395241031242,2.73412994772218,0.619231662427657,1552401330829,0.414818218142822,false,Mar12_submission.tsv,9685554,0.396706504021184,1.13277033951918,0.305256541838365,3319559,,3319559
0.507647380074605,16.6678445229682,0.465041622799128,1552429924185,0.44024091102842,false,r1000.csv,9685570,-0.0748376908918688,3.01937684900645,-0.080909380027123,3381089,,3381089
0.505198296918373,6.17360114777618,0.494401241591186,1552443494135,0.44210763337558,true,mse_ul.csv,9685589,0.0605564942346128,2.9919957027619,0.0243316436126946,3381089,,3381089
0.565615988793354,18.723865877712,0.540953387270057,1552597384112,0.452028660512948,true,pKd.csv,9685668,0.0966602839826875,1.3793832442415,0.113719895262632,3381089,,3381089
0.65871717207279,9999,0.626437600411712,1552636690573,0.331981744975385,false,round1b_taap_v3-1_3.59.csv,9685696,0.283961866118451,1.15507564420493,0.361190840523742,3371544,,3379820
0.673310719542908,27.328611898017,0.610013484808142,1552637852306,0.416187309706587,false,baseline_20190315,9685697,0.316101567830331,1.17884631570831,0.276528853644748,3383422,,3383422
,,,1552658936690,,,CNN tranined on unmutated human kinases,9685721,,,,3380028,,3377460
,,,1552659195939,,,CNN trained on unmutated human Kinases,9685722,,,,3380028,,3377460
,,,1552660040444,,,round1b_cnn_v1_120319.csv,9685726,,,,3380028,,3377460
0.550059022380098,3.08997955010225,0.540958589489922,1552662079704,0.410278747592339,false,mse1000.csv,9685731,0.105387611116846,1.3452575273469,0.109961196450359,3381089,,3381089
0.679418429268245,Inf,0.624439725812486,1552674315234,0.420126388843512,false,Mar15_submission.tsv,9685790,0.382625380986696,1.1472568323097,0.315564153659122,3319559,,3319559
,,,1552682729177,,,1551375022.9567897.csv,9685814,,,,3368024,,3368024
0.568962737017744,8.04977375565611,0.566623354046053,1552685872405,0.441891142282485,false,mar_15.csv,9685815,0.200021514697126,1.18005716864878,0.215083850843219,3361766,,3361766
0.615833225506252,2.12793243665937,0.565938919224895,1552723813378,0.341202570269266,false,round1b_cnn_v1_120319.csv,9685831,0.165471268321013,1.17512831868383,0.159456985172588,3380028,,3377460
0.649982328221427,Inf,0.637601024730086,1552735309929,0.255961616347291,false,round1b_k-sep_v4-2_4.5_v1.csv,9685832,0.273643373132442,1.15287856456752,0.335475189003291,3371544,,3379820
0.691928216529145,NA,0.62812535839291,1552752506136,0.444825927524107,true,1551375022.9567897.csv,9685833,0.375893673223549,1.20005944849623,0.320735769207586,3368024,,3368024
0.692687833393034,2.91696043869957,0.624367462388108,1552760815092,0.382788797207522,false,Mar16_submission.tsv,9685834,0.385200684518101,1.11448467596617,0.299104191793875,3319559,,3319559
,,,1552770872563,,,mar_16.csv,9685835,,,,3361766,,3361766
0.569320852615241,1.39923224568138,0.544634615847252,1552773245790,0.43606292272703,false,test_score.csv,9685836,0.0951626390663547,1.34054305528761,0.0840041923573623,3381089,,3381089
0.605954697275971,1.53164556962025,0.571841928033022,1552779290642,0.142976656037399,false,"rf on all protein, smile feature, chemixnet",9685837,0.206973166991808,1.18606236660069,0.201439278988256,3380028,,3380021
0.560700703752035,89.0900900900901,0.534296511231238,1552816908730,0.256939062700164,false,all_co.csv,9685839,0.116816386985733,1.35216465101575,0.13118809235647,3381089,,3381089
,,,1552824028035,,,third submission,9685840,,,,2223251,,2223251
0.656080111692412,475.190476190476,0.629528952342388,1552859580098,0.400521549616458,false,round1b_k-sep_v4-4_4.5.csv,9685841,0.282340550165635,1.16761123805639,0.35483465203863,3371544,,3379820
0.590262516189702,2.000300030003,0.567911757021238,1552861513625,0.182775915374059,false,mar_17.csv,9685842,0.184664509791008,1.19446446247853,0.193078941681039,3361766,,3361766
0.595115605183931,NA,0.578598487457818,1552874878423,0.309403380660693,true,round_1_template_outcome_2D.csv,9685843,0.171082766097623,1.34662796104182,0.202284277223889,3380714,,3380714
0.661023251095178,19.3252032520325,0.602335434238676,1552877361907,0.430292599465878,false,round_1_result_IC50PKD.csv,9685844,0.318002472910853,1.16007647253418,0.304922397588831,3383422,,3383422
0.61613955963078,12.9275766016713,0.571625257585106,1552894713038,0.292157089732635,false,rf_all_prios_scratch_submission.csv,9685845,0.185327576046061,1.20539450792201,0.173944176905513,3380028,,3380021
0.670218333806235,Inf,0.608937603390449,1552900329865,0.376008389922162,false,18032019.csv,9685846,0.29955154707537,1.19275026454081,0.295541383526453,3384808,,3384808
0.460487586753498,NA,0.475288883670457,1552900445675,0.407708167407687,true,third submission,9685847,-0.0518902584808095,21.5937659698585,-0.0635700822671766,2223251,,2223251
,,,1552909738401,,,0318,9685848,,,,3324878,,3378978
0.713322486244626,3.98753117206983,0.650574607384276,1552912640763,0.2605696127531,false,0318.csv,9685849,0.407447354897124,1.13249407800019,0.384360423280607,3324878,,3378978
,,,1552913843583,,,v_190318,9685850,,,,3383440,,3383440
0.553759471227477,2499,0.562272788103029,1552914738720,0.0980235556679267,false,mar_18.csv,9685851,0.181977909249596,1.18558974969483,0.163635538471635,3361766,,3361766
0.734972743282194,433.782608695652,0.670829691827332,1552918284761,0.431336659500687,true,1552755674.8377593.csv,9685852,0.481213966092511,1.07361232762313,0.454870123685074,3368024,,3368024
0.697091501348671,1.59134490800726,0.62397911720511,1552941415850,0.396188508034372,false,Mar18_submission.tsv,9685855,0.411731766993798,1.12370931276808,0.301308828855399,3319559,,3319559
0.55490672279081,2.55113636363636,0.531529443396279,1552941860983,0.326440131149736,false,test_score_mon.csv,9685856,0.116465673787657,1.35728103747995,0.113554103562396,3381089,,3381089
0.664135459258165,4.13083632632119,0.62012748933303,1552944239517,0.399307551119589,false,round1b_k-sep_v5-1_4.5.csv,9685857,0.352217723751119,1.12908471986073,0.338506842084144,3371544,,3379820
0.691974563647211,908.090909090909,0.631422538101249,1552968502458,0.372205383048335,false,190319,9685860,0.327055386968467,1.21491846601836,0.37082755923792,3384382,,3330504
0.64179642159878,4.37056928034372,0.600023341148178,1552971956309,0.171445602372001,false,v_190319,9685861,0.312020297386053,1.20105050317116,0.284050808245507,3383440,,3383440
0.574468251518871,NA,0.584820528544559,1552972927589,0.297903557792675,true,0319,9685862,0.187072795443546,1.33565212664257,0.20944226867162,3386576,,3386576
0.544214729749524,4.88928150765607,0.522624611562383,1552985781445,0.446774473616761,false,preds_gip1,9685863,0.00808931195304654,6.18174633543446,0.0440040220862279,3379046,,3378796
0.620663377068079,26.3972602739726,0.572765139450042,1552993767356,0.200945814162927,false,rf_osb_n1to10_all_submission.csv,9685864,0.205770398599874,1.18435785495249,0.190641481787353,3380028,,3380021
0.564323847461025,3.11522633744856,0.535901500204251,1552996076905,0.244432906824609,true,ddl.csv,9685865,0.124337684852515,1.36082286108966,0.131570604893253,3381089,,3381089
0.661137344339169,8.000900090009,0.605351794541664,1552999775456,0.341870238504868,false,19032019.csv,9685866,0.295358031046047,1.16706945769255,0.281642478557679,3384808,,3384808
,,,1553009515744,,,new_pred_round1b.csv,9685867,,,,3380543,,3380543
0.658478413315078,587.235294117647,0.620905405243052,1553020379171,0.456772842178025,false,round1b_ensemble.csv,9685868,0.319027106241435,1.15885568516971,0.356453102049001,3371544,,3379820
0.556231203298651,3.54132606721163,0.568164728652026,1553030479216,0.176549980834625,false,mar_19.csv,9685872,0.189829295097037,1.1741945394534,0.181500385634813,3361766,,3361766
0.681946345370575,3.71475719000471,0.621598834559898,1553032344145,0.427357359616126,true,Mar19_submission.tsv,9685873,0.378673287723392,1.12705809409569,0.366813264000653,3319559,,3319559
0.695879797558594,Inf,0.636164276415936,1553040836594,0.020753815455439,false,0320,9685875,0.31475898095372,1.20813558306394,0.379148877476919,3384382,,3330504
0.575721683535294,1.21434898139947,0.584130986852072,1553047861870,0.359528707798542,false,0320,9685876,0.20324003463117,1.32283128722088,0.196491311419913,3386576,,3386576
0.670966669654175,16.8890876565295,0.603206941841522,1553056710777,0.437482196879663,false,baseline_20190320,9685877,0.280690214615402,1.15689213483849,0.283787497817764,3383422,,3383422
0.538572521038305,1.15749730312837,0.512392072923502,1553074046931,0.459404110213654,false,preds_tanimoto,9685878,0.0306556664956298,6.28932390427117,0.0357649075175102,3379046,,3378796
0.631290519523521,2.18471337579618,0.56903856903861,1553075501157,0.412630970340133,false,smile_fasta_maccs_fingerprint_prot_domain_cnn_all_fine_tuned_all_layer_submission.csv,9685879,0.258568551801169,1.19678500272348,0.180427863296101,3380028,,3380021
,,,1553091024410,,,new_pred_round1b.csv,9685880,,,,3380543,,3380543
0.529579293029874,1427.57142857143,0.547421884826836,1553094678183,0.414308736846119,true,fourth_sub,9685881,0.0859902307735631,3.46155034214384,0.0851099153482931,2223251,,2223251
0.651222385255772,39.1606425702811,0.63221089100957,1553097925513,0.475330323062372,false,round1b_ensemble_v3.csv,9685882,0.287052564958655,1.16500744913289,0.343031996621281,3371544,,3379820
0.739149596830388,1.09599664640537,0.664250685977321,1553100760365,0.457645184011724,false,1552935762.4127693_augmented.csv,9685883,0.489362380692253,1.08461925403581,0.441118810364821,3368024,,3368024
0.570996049657827,5.76132521974307,0.564162307424561,1553121359247,0.305916551438013,false,mar_20.csv,9685887,0.195116474898161,1.21398673438474,0.194235245930316,3361766,,3361766
0.56714233354881,4.44069640914037,0.541298913385031,1553122059533,0.23342597838217,false,round_1b_sub4.csv,9685888,0.0566058145965013,1.2435821582129,0.126056983141047,3383197,,3383197
0.555574346912409,768.230769230769,0.54920153250508,1553122545132,0.375028038242195,false,hetero.csv,9685889,0.146022899734207,1.66067341629512,0.12695716999481,3381089,,3381089
0.697156009712397,180.818181818182,0.63810366831463,1553132140818,0.46140433360794,false,0321,9685890,0.377557711989921,1.13745033235333,0.401685256711051,3324878,,3321703
0.572351652169403,11.7713920817369,0.576862492375436,1553135252689,0.302097511411978,false,321,9685891,0.22042179831857,1.29624477347738,0.197686975284957,3386576,,3386576
0.650075895902892,5.82128240109141,0.59072906892787,1553149683460,0.388029178965208,true,smile_fasta_maccs_fingerprint_prot_domain_cnn_all_pool_conv_pool_conv_fine_tuned_all_layer_submission.csv,9685892,0.283599635016274,1.1982861137616,0.228060750973209,3380028,,3380021
0.683558288277096,Inf,0.639717892040766,1553151286469,0.0138840203329437,false,0321,9685893,0.299326944889267,1.22243369696859,0.374627718471813,3384382,,3330504
0.664673968614571,16.2711571675302,0.603392332860627,1553154677914,0.417818123131378,false,v_190321,9685894,0.302891440339601,1.19063336949582,0.271880579395776,3383440,,3383440
0.689730995931396,249,0.605438695635109,1553158674437,0.283292484349791,false,new_pred_round1b.csv,9685895,0.368845141300576,1.22387323489985,0.316238966529067,3380543,,3380543
0.655974080899063,Inf,0.608639705744425,1553165801914,0.369805042938113,false,21032019.csv,9685896,0.285443599036759,1.17438215334339,0.32436229083002,3384808,,3384808
0.638340539048211,NA,0.562543079245608,1553178402636,0.370373607762852,true,KDI_S4,9685897,0.187137505764799,1.51959683631249,0.203081417195408,3323475,,3323475
0.768647630035264,53.6448087431694,0.692040431954189,1553186624726,0.4348488210881,true,round1_final.csv,9685902,0.52103815743756,1.02621101657051,0.48575576502935,3368024,,3368024
0.561143046659144,6.88643533123028,0.539298359305981,1553187752677,0.429513047442499,false,submission5.csv,9685903,0.0897958606382277,1.2429455382324,0.0656732938397567,3383197,,3383197
0.69758496136853,415.666666666667,0.623344173641914,1553192343680,0.225657483724426,false,Mar21_submission.tsv,9685904,0.390172269606218,1.14134566278912,0.375435322758604,3319559,,3319559
,,,1553196361685,,,r1b__sub1_tsfm,9685905,,,,3349645,,3349645
0.76716813136828,Inf,0.713322275940659,1553197561603,0.461358837081935,true,pki lab 6.csv,9685906,0.541638244236706,1.17356500864363,0.537312773686202,3330902,,3330902
0.752252596531164,80.9672131147541,0.689500005903653,1553197804925,0.404423906706066,true,submission 3.csv,9685907,0.494647464703187,1.18298361885372,0.477458857063782,3331369,,3331369
,,,1553197887355,,,round_1_template_3.csv,9685908,,,,1946958,,1946958
0.578187055781447,2.36587007741501,0.55932136203362,1553199182273,0.112701132542276,false,mar_21.csv,9685909,0.210514443439303,1.21284656025053,0.154032775079629,3361766,,3361766
0.514682656918967,NA,0.490883196973494,1553199537133,0.254566436185515,true,r1b-sub2,9685910,-0.00284865934300088,1.50509848679692,-0.0518189893987861,3349645,,3349645
0.530643329438576,1.21926320461607,0.526356526634221,1553202180900,0.211402351815799,false,fÃ­fth_submission,9685912,0.117964614674585,1.47372732068778,0.127631280664476,2223251,,2223251
,,,1553203247847,,,IDG-DREAM Drug-Kinase Binding Prediction Challenge,9685913,,,,3387604,,3387604
,,,1553203916888,,,xf_testing,9685914,,,,3387604,,3387604
0.558829458868258,499,0.559873203399003,1553204113133,0.46133722792549,false,lastk.csv,9685915,0.155650933048517,1.64365744284635,0.131611845520126,3381089,,3381089
,,,1553205382749,,,xf_testing,9685916,,,,3387604,,3387604
,,,1553205509683,,,xf_testing,9685917,,,,3387604,,3387604

